"","meanrisk","meanactual"
"1",0.0894413500716317,0.0894413487641092
